{
  "silhouette_score": 0.0,
  "davies_bouldin_score": 0.0,
  "calinski_harabasz_score": 1.0,
  "stability_score": 0.00943338309042401,
  "cluster_size_std": 0.9428090415820634,
  "cluster_size_ratio": 0.8888888888888888
}