{
  "silhouette_score": 0.0,
  "davies_bouldin_score": 0.0,
  "calinski_harabasz_score": 1.0,
  "stability_score": 0.024683281542893808,
  "cluster_size_std": 3.0912061651652345,
  "cluster_size_ratio": 0.6666666666666666
}