{
  "silhouette_score": 0.0,
  "davies_bouldin_score": 0.0,
  "calinski_harabasz_score": 1.0,
  "stability_score": -0.010501946940332267,
  "cluster_size_std": 1.8070158058105026,
  "cluster_size_ratio": 0.45454545454545453
}